Jane,Smith,25,employee,xx2
David,Johnson,35,employee,xx3
Sarah,Williams,28,consultant,xx4
Michael,Brown,32,employee,xx5
Emily,Jones,29,consultant,xx6
Matthew,Taylor,31,employee,xx7
Samantha,Anderson,27,consultant,xx8
Andrew,Thomas,33,employee,xx9
Amanda,White,26,consultant,xx10
Christopher,Harris,30,employee,xx11
Stephanie,Clark,28,consultant,xx12
Matthew,Roberts,33,employee,xx13
Rebecca,King,26,consultant,xx14
Benjamin,Wright,32,employee,xx15
Amanda,Thompson,29,consultant,xx16
Jason,Turner,31,employee,xx17
Michelle,Hall,27,consultant,xx18
Ryan,Adams,34,employee,xx19
Jennifer,Lee,25,consultant,xx20
Joshua,Scott,28,consultant,xx21
Ashley,Walker,33,employee,xx22
Daniel,Lewis,30,employee,xx23
Emily,Green,25,consultant,xx24
Christopher,Adams,32,employee,xx25
Sarah,Baker,29,consultant,xx26
Nathan,Hill,31,employee,xx27
Amanda,Ross,27,consultant,xx28
Michael,Morgan,34,employee,xx29
Jessica,Phillips,26,consultant,xx30
Brandon,Young,30,employee,xx31
Samantha,Kelly,28,consultant,xx32
David,Turner,35,employee,xx33
Olivia,Wright,32,consultant,xx34
Robert,Evans,29,consultant,xx35
Lauren,Robinson,31,employee,xx36
Justin,Hernandez,27,consultant,xx37
Alexis,Clark,33,employee,xx38
Jonathan,Perez,30,consultant,xx39
Amber,Carter,25,consultant,xx40
Matthew,Hughes,28,consultant,xx41
Elizabeth,Cook,33,employee,xx42
Joshua,Gray,30,employee,xx43
Emma,Morris,25,consultant,xx44
Andrew,Thompson,32,employee,xx45
Hannah,Baker,29,consultant,xx46
William,Smith,31,employee,xx47
Sophia,Anderson,27,consultant,xx48
James,Ross,34,employee,xx49
Grace,Wright,26,consultant,xx50
Joseph,Clark,30,employee,xx51
Avery,White,28,consultant,xx52
David,Rivera,35,employee,xx53
Chloe,Hall,32,consultant,xx54
Michaela,Collins,29,consultant,xx55
Mason,Johnson,31,employee,xx56
Olivia,Allen,27,consultant,xx57
Ethan,Mitchell,33,employee,xx58
Emily,Parker,30,consultant,xx59
William,Lopez,25,consultant,xx60
Abigail,Turner,28,consultant,xx61
Noah,Gonzalez,33,employee,xx62
Emily,Hall,30,employee,xx63
Liam,Carter,25,consultant,xx64
Mia,Roberts,32,employee,xx65
Charlotte,Brown,29,consultant,xx66
Daniel,Anderson,31,employee,xx67
Ella,Smith,27,consultant,xx68
Aiden,Kelly,34,employee,xx69
Sofia,Adams,26,consultant,xx70
Scarlett,Walker,30,employee,xx71
Avery,Evans,28,consultant,xx72
Alexander,Cook,35,employee,xx73
Victoria,Ross,32,consultant,xx74
Madison,Allen,29,consultant,xx75
Leo,Thompson,31,employee,xx76
Grace,Hernandez,27,consultant,xx77
Jack,Clark,33,employee,xx78
Aria,Perez,30,consultant,xx79
Julian,Hill,25,consultant,xx80
Harper,Richardson,28,consultant,xx81
Lucas,Lee,33,employee,xx82
Evelyn,Morgan,30,employee,xx83
Lincoln,Mitchell,25,consultant,xx84
Layla,Jones,32,employee,xx85
Stella,Robinson,29,consultant,xx86
Jackson,Williams,31,employee,xx87
Chloe,Davis,27,consultant,xx88
Owen,Garcia,34,employee,xx89
Eleanor,Wright,26,consultant,xx90
Carter,Turner,30,employee,xx91
Lily,Collins,28,consultant,xx92
Gabriel,Taylor,35,employee,xx93
Hazel,Green,32,consultant,xx94
Aubrey,Baker,29,consultant,xx95
Lincoln,Hernandez,31,employee,xx96
Penelope,Morris,27,consultant,xx97
Xavier,Hill,33,employee,xx98
Zoe,Cook,30,consultant,xx99
Mateo,Roberts,25,consultant,xx100
Clara,Johnson,32,employee,xx101
Mila,Clark,29,consultant,xx102
Ryan,Morgan,31,employee,xx103
Lila,Perez,27,consultant,xx104
Caleb,Gonzalez,34,employee,xx105
Naomi,Ross,26,consultant,xx106
Eli,Anderson,30,employee,xx107
Valentina,Allen,28,consultant,xx108
Evan,White,33,employee,xx109
Audrey,Walker,30,employee,xx110
Evelyn,Wilson,28,consultant,xx111
Jacob,Wright,33,employee,xx112
Lucy,Gonzalez,30,employee,xx113
Levi,Ross,25,consultant,xx114
Aria,Hill,32,employee,xx115
Nora,Clark,29,consultant,xx116
Henry,Turner,31,employee,xx117
Mila,Smith,27,consultant,xx118
Eliana,Hernandez,34,employee,xx119
Sebastian,Johnson,26,consultant,xx120
Eleanor,Adams,30,employee,xx121
Liam,Jackson,28,consultant,xx122
Maya,Evans,35,employee,xx123
Lincoln,Parker,32,consultant,xx124
Riley,Allen,29,consultant,xx125
Gabriel,Kelly,31,employee,xx126
Sophie,Carter,27,consultant,xx127
Hudson,Morris,33,employee,xx128
Luna,Brown,30,consultant,xx129
Oscar,Mitchell,25,consultant,xx130
Savannah,Cooper,28,consultant,xx131
David,Walker,33,employee,xx132
Stella,Richardson,30,employee,xx133
Dylan,Phillips,25,consultant,xx134
Anna,Turner,32,employee,xx135
Zoe,Robinson,29,consultant,xx136
Julian,Williams,31,employee,xx137
Audrey,Davis,27,consultant,xx138
Nolan,Garcia,34,employee,xx139
Bella,White,26,consultant,xx140
Axel,Perez,30,employee,xx141
Lily,Collins,28,consultant,xx142
Evan,Taylor,35,employee,xx143
Genesis,Hall,32,consultant,xx144
Adam,Baker,29,consultant,xx145
Isaac,Hernandez,31,employee,xx146
Alexa,Morris,27,consultant,xx147
Carter,Hill,33,employee,xx148
Scarlett,Adams,30,consultant,xx149
Elijah,Gonzalez,25,consultant,xx150
Aria,Ross,32,employee,xx151
Gavin,King,29,consultant,xx152
Aaliyah,Jones,31,employee,xx153
Nathan,Wilson,27,consultant,xx154
Grace,Cook,34,employee,xx155
Paisley,Morgan,26,consultant,xx156
Isaiah,Anderson,30,employee,xx157
Brooklyn,Allen,28,consultant,xx158
Landon,Bell,33,employee,xx159
Samantha,Walker,30,employee,xx160
Xander,Collins,28,consultant,xx161
Autumn,Turner,33,employee,xx162
Cameron,Robinson,30,employee,xx163
Madelyn,Hall,25,consultant,xx164
Jackson,Richardson,32,employee,xx165
Skylar,Phillips,29,consultant,xx166
Christian,Wright,31,employee,xx167
Lucy,Gonzalez,27,consultant,xx168
Isaiah,Parker,34,employee,xx169
Aubree,Adams,26,consultant,xx170
Adrian,Evans,30,employee,xx171
Scarlett,Williams,28,consultant,xx172
Nathaniel,Davis,33,employee,xx173
Hailey,Mitchell,30,employee,xx174
Dominic,Jackson,25,consultant,xx175
Leah,Smith,32,employee,xx176
Chase,Brown,29,consultant,xx177
Quinn,Kelly,31,employee,xx178
Sophia,Carter,27,consultant,xx179
Elias,Morris,34,employee,xx180
Victoria,Hill,26,consultant,xx181
Joseph,Mitchell,30,employee,xx182
Lyla,Cooper,28,consultant,xx183
John,Turner,33,employee,xx184
Lucy,Robinson,30,employee,xx185
Adam,Ross,25,consultant,xx186
Anna,Perez,32,employee,xx187
Grayson,Allen,29,consultant,xx188
Delilah,Baker,31,employee,xx189
Colton,Walker,27,consultant,xx190
Zoe,Morgan,34,employee,xx191
Bentley,White,26,consultant,xx192
Naomi,Clark,30,employee,xx193
Christopher,Richardson,28,consultant,xx194
Mila,Morris,33,employee,xx195
Valentina,Jones,30,employee,xx196
Micah,Wilson,25,consultant,xx197
Amelia,Gonzalez,32,employee,xx198
Landon,Hernandez,29,consultant,xx199
Clara,Adams,31,employee,xx200
Benjamin,Turner,28,consultant,xx201
Charlotte,Collins,33,employee,xx202
Andrew,White,30,employee,xx203
Ella,Hernandez,25,consultant,xx204
William,Hill,32,employee,xx205
Mia,Smith,29,consultant,xx206
James,Anderson,31,employee,xx207
Sophia,Roberts,27,consultant,xx208
Ethan,Garcia,34,employee,xx209
Ava,Walker,26,consultant,xx210
Lucas,Evans,30,employee,xx211
Sofia,Clark,28,consultant,xx212
Liam,Turner,35,employee,xx213
Harper,Parker,32,consultant,xx214
Abigail,Allen,29,consultant,xx215
Daniel,Kelly,31,employee,xx216
Emily,Carter,27,consultant,xx217
Logan,Morris,33,employee,xx218
Avery,Brown,30,consultant,xx219
Owen,Mitchell,25,consultant,xx220
Sofia,Cooper,28,consultant,xx221
Jack,Walker,33,employee,xx222
Lily,Richardson,30,employee,xx223
Caleb,Phillips,25,consultant,xx224
Ava,Turner,32,employee,xx225
Olivia,Robinson,29,consultant,xx226
Michael,Williams,31,employee,xx227
Chloe,Davis,27,consultant,xx228
Elijah,Garcia,34,employee,xx229
Grace,White,26,consultant,xx230
Noah,Perez,30,employee,xx231
Avery,Collins,28,consultant,xx232
Alexander,Taylor,35,employee,xx233
Victoria,Hall,32,consultant,xx234
Sophia,Baker,29,consultant,xx235
Isaac,Hernandez,31,employee,xx236
Scarlett,Morris,27,consultant,xx237
James,Hill,33,employee,xx238
Aria,Adams,30,consultant,xx239
Matthew,Gonzalez,25,consultant,xx240
Lily,Ross,32,employee,xx241
Julian,King,29,consultant,xx242
Audrey,Jones,31,employee,xx243
Nathan,Wilson,27,consultant,xx244
Chloe,Cook,34,employee,xx245
Sofia,Morgan,26,consultant,xx246
Aiden,Anderson,30,employee,xx247
Brooklyn,Allen,28,consultant,xx248
Landon,Bell,33,employee,xx249
Samantha,Walker,30,employee,xx250
Xander,Collins,28,consultant,xx251
Autumn,Turner,33,employee,xx252
Cameron,Robinson,30,employee,xx253
Madelyn,Hall,25,consultant,xx254
Jackson,Richardson,32,employee,xx255
Skylar,Phillips,29,consultant,xx256
Christian,Wright,31,employee,xx257
Lucy,Gonzalez,27,consultant,xx258
Isaiah,Parker,34,employee,xx259
Aubree,Adams,26,consultant,xx260
Adrian,Evans,30,employee,xx261
Scarlett,Williams,28,consultant,xx262
Nathaniel,Davis,33,employee,xx263
Hailey,Mitchell,30,employee,xx264
Dominic,Jackson,25,consultant,xx265
Leah,Smith,32,employee,xx266
Chase,Brown,29,consultant,xx267
Quinn,Kelly,31,employee,xx268
Sophia,Carter,27,consultant,xx269
Elias,Morris,34,employee,xx270
Victoria,Hill,26,consultant,xx271
Joseph,Mitchell,30,employee,xx272
Lyla,Cooper,28,consultant,xx273
John,Turner,33,employee,xx274
Lucy,Robinson,30,employee,xx275
Adam,Ross,25,consultant,xx276
Anna,Perez,32,employee,xx277
Grayson,Allen,29,consultant,xx278
Delilah,Baker,31,employee,xx279
Colton,Walker,27,consultant,xx280
Zoe,Morgan,34,employee,xx281
Bentley,White,26,consultant,xx282
Naomi,Clark,30,employee,xx283
Christopher,Richardson,28,consultant,xx284
Mila,Morris,33,employee,xx285
Valentina,Jones,30,employee,xx286
Micah,Wilson,25,consultant,xx287
Amelia,Gonzalez,32,employee,xx288
Landon,Hernandez,29,consultant,xx289
Clara,Adams,31,employee,xx290
William,Hall,27,consultant,xx291
Ava,Turner,34,employee,xx292
Logan,Mitchell,26,consultant,xx293
Mia,Cooper,30,employee,xx294
Elijah,Walker,28,consultant,xx295
Sofia,Robinson,35,employee,xx296
James,Carter,32,consultant,xx297
Olivia,Parker,29,consultant,xx298
Michael,Garcia,31,employee,xx299
Chloe,Smith,27,consultant,xx300
Emma,Adams,34,employee,xx301
Noah,Richardson,26,consultant,xx302
Sophia,Allen,30,employee,xx303
Liam,Brown,28,consultant,xx304
Mia,Jackson,33,employee,xx305
Ava,Williams,30,consultant,xx306
Logan,Davis,25,consultant,xx307
Isabella,Mitchell,32,employee,xx308
Lucas,Hill,29,consultant,xx309
Avery,Turner,31,employee,xx310
Alexa,Robinson,27,consultant,xx311
Elijah,Perez,34,employee,xx312
Scarlett,Clark,26,consultant,xx313
Jack,Morris,30,employee,xx314
Avery,Cooper,28,consultant,xx315
Sophia,Walker,33,employee,xx316
Levi,Richardson,30,employee,xx317
Ella,Phillips,25,consultant,xx318
Ethan,Allen,32,employee,xx319
Mia,Hall,29,consultant,xx320
Charlotte,Hernandez,31,employee,xx321
Noah,Morgan,27,consultant,xx322
Emma,Baker,34,employee,xx323
Liam,White,26,consultant,xx324
Ava,Clark,30,employee,xx325
Logan,Turner,28,consultant,xx326
Sophia,Williams,33,employee,xx327
Ethan,Davis,30,consultant,xx328
Mia,Garcia,25,consultant,xx329
James,Hill,32,employee,xx330
Sofia,Roberts,29,consultant,xx331
Lucas,Morris,31,employee,xx332
Isabella,Turner,27,consultant,xx333
Olivia,Collins,34,employee,xx334
William,Evans,26,consultant,xx335
Emily,Smith,30,employee,xx336
Liam,Anderson,28,consultant,xx337
Ava,Roberts,33,employee,xx338
Noah,Parker,30,consultant,xx339
Sophia,Adams,27,consultant,xx340
Logan,Hall,34,employee,xx341
Emma,Mitchell,26,consultant,xx342
Ethan,Cooper,30,employee,xx343
Mia,Walker,28,consultant,xx344
James,Robinson,33,employee,xx345
Avery,Carter,30,consultant,xx346
Sophia,Phillips,25,consultant,xx347
Elijah,Turner,32,employee,xx348
Charlotte,Richardson,29,consultant,xx349
Olivia,Morris,31,employee,xx350
William,Jackson,27,consultant,xx351
Ella,Garcia,34,employee,xx352
Liam,Smith,26,consultant,xx353
Ava,Williams,30,employee,xx354
Logan,Davis,28,consultant,xx355
Sophia,Hernandez,35,employee,xx356
Ethan,Cooper,32,consultant,xx357
Mia,Clark,29,consultant,xx358
James,Turner,31,employee,xx359
Sofia,Robinson,27,consultant,xx360
Noah,Allen,34,employee,xx361
Emma,Hall,26,consultant,xx362
Liam,Mitchell,30,employee,xx363
Ava,Anderson,28,consultant,xx364
Olivia,Parker,33,employee,xx365
William,Carter,30,consultant,xx366
Charlotte,Phillips,25,consultant,xx367
James,Turner,32,employee,xx368
Sophia,Richardson,29,consultant,xx369
Ethan,Morris,31,employee,xx370
Mia,Jackson,27,consultant,xx371
Logan,Garcia,34,employee,xx372
Sofia,Smith,26,consultant,xx373
Noah,Williams,30,employee,xx374
Emma,Davis,28,consultant,xx375
Liam,Robinson,35,employee,xx376
Ava,Hall,32,consultant,xx377
Olivia,Baker,29,consultant,xx378
William,White,31,employee,xx379
Charlotte,Clark,27,consultant,xx380
James,Mitchell,34,employee,xx381
Sophia,Cooper,26,consultant,xx382
Ethan,Walker,30,employee,xx383
Mia,Roberts,28,consultant,xx384
Noah,Turner,33,employee,xx385
Emma,Richardson,30,employee,xx386
Liam,Phillips,25,consultant,xx387
Ava,Allen,32,employee,xx388
Olivia,Hernandez,29,consultant,xx389
William,Morris,31,employee,xx390
Charlotte,Jackson,27,consultant,xx391
James,Williams,34,employee,xx392
Sophia,Davis,26,consultant,xx393
Ethan,Robinson,30,employee,xx394
Mia,Hall,28,consultant,xx395
Noah,Carter,33,employee,xx396
Emma,Phillips,30,consultant,xx397
Liam,Turner,25,consultant,xx398
Ava,Cooper,32,employee,xx399
Olivia,Smith,29,consultant,xx400
William,Walker,31,employee,xx401
Charlotte,Roberts,27,consultant,xx402
James,Morgan,34,employee,xx403
Sophia,Evans,26,consultant,xx404
Ethan,Baker,30,employee,xx405
Mia,Clark,28,consultant,xx406
Noah,Adams,33,employee,xx407
Emma,Hill,30,employee,xx408
Liam,Turner,25,consultant,xx409
Ava,Allen,32,employee,xx410
Olivia,Hall,29,consultant,xx411
William,Morris,31,employee,xx412
Charlotte,Jackson,27,consultant,xx413
James,Williams,34,employee,xx414
Sophia,Davis,26,consultant,xx415
Ethan,Robinson,30,employee,xx416
Mia,Hall,28,consultant,xx417
Noah,Carter,33,employee,xx418
Emma,Phillips,30,consultant,xx419
Liam,Turner,25,consultant,xx420
Ava,Cooper,32,employee,xx421
Olivia,Smith,29,consultant,xx422
William,Walker,31,employee,xx423
Charlotte,Roberts,27,consultant,xx424
James,Morgan,34,employee,xx425
Sophia,Evans,26,consultant,xx426
Ethan,Baker,30,employee,xx427
Mia,Clark,28,consultant,xx428
Noah,Adams,33,employee,xx429
Emma,Hill,30,employee,xx430
Liam,Turner,25,consultant,xx431
Ava,Allen,32,employee,xx432
Olivia,Hall,29,consultant,xx433
William,Morris,31,employee,xx434
Charlotte,Jackson,27,consultant,xx435
James,Williams,34,employee,xx436
Sophia,Davis,26,consultant,xx437
Ethan,Robinson,30,employee,xx438
Mia,Hall,28,consultant,xx439
Noah,Carter,33,employee,xx440
Emma,Phillips,30,consultant,xx441
Liam,Turner,25,consultant,xx442
Ava,Cooper,32,employee,xx443
Olivia,Smith,29,consultant,xx444
William,Walker,31,employee,xx445
Charlotte,Roberts,27,consultant,xx446
James,Morgan,34,employee,xx447
Sophia,Evans,26,consultant,xx448
Ethan,Baker,30,employee,xx449
Mia,Clark,28,consultant,xx450
Noah,Adams,33,employee,xx451
Emma,Hill,30,employee,xx452
Liam,Turner,25,consultant,xx453
Ava,Allen,32,employee,xx454
Olivia,Hall,29,consultant,xx455
William,Morris,31,employee,xx456
Charlotte,Jackson,27,consultant,xx457
James,Williams,34,employee,xx458
Sophia,Davis,26,consultant,xx459
Ethan,Robinson,30,employee,xx460
Mia,Hall,28,consultant,xx461
Noah,Carter,33,employee,xx462
Emma,Phillips,30,consultant,xx463
Liam,Turner,25,consultant,xx464
Ava,Cooper,32,employee,xx465
Olivia,Smith,29,consultant,xx466
William,Walker,31,employee,xx467
Charlotte,Roberts,27,consultant,xx468
James,Morgan,34,employee,xx469
Sophia,Evans,26,consultant,xx470
Ethan,Baker,30,employee,xx471
Mia,Clark,28,consultant,xx472
Noah,Adams,33,employee,xx473
Emma,Hill,30,employee,xx474
Liam,Turner,25,consultant,xx475
Ava,Allen,32,employee,xx476
Olivia,Hall,29,consultant,xx477
William,Morris,31,employee,xx478
Charlotte,Jackson,27,consultant,xx479
James,Williams,34,employee,xx480
Sophia,Davis,26,consultant,xx481
Ethan,Robinson,30,employee,xx482
Mia,Hall,28,consultant,xx483
Noah,Carter,33,employee,xx484
Emma,Phillips,30,consultant,xx485
Liam,Turner,25,consultant,xx486
Ava,Cooper,32,employee,xx487
Olivia,Smith,29,consultant,xx488
William,Walker,31,employee,xx489
Charlotte,Roberts,27,consultant,xx490
James,Morgan,34,employee,xx491
Sophia,Evans,26,consultant,xx492
Ethan,Baker,30,employee,xx493
Mia,Clark,28,consultant,xx494
Noah,Adams,33,employee,xx495
Emma,Hill,30,employee,xx496
Liam,Turner,25,consultant,xx497
Ava,Allen,32,employee,xx498
Olivia,Hall,29,consultant,xx499
William,Morris,31,employee,xx500
Charlotte,Jackson,27,consultant,xx501
James,Williams,34,employee,xx502
Sophia,Davis,26,consultant,xx503
Ethan,Robinson,30,employee,xx504
Mia,Hall,28,consultant,xx505
Noah,Carter,33,employee,xx506
Emma,Phillips,30,consultant,xx507
Liam,Turner,25,consultant,xx508
Ava,Cooper,32,employee,xx509
Olivia,Smith,29,consultant,xx510
William,Walker,31,employee,xx511
Charlotte,Roberts,27,consultant,xx512
James,Morgan,34,employee,xx513
Sophia,Evans,26,consultant,xx514
Ethan,Baker,30,employee,xx515
Mia,Clark,28,consultant,xx516
Noah,Adams,33,employee,xx517
Emma,Hill,30,employee,xx518
Liam,Turner,25,consultant,xx519
Ava,Allen,32,employee,xx520
Olivia,Hall,29,consultant,xx521
William,Morris,31,employee,xx522
Charlotte,Jackson,27,consultant,xx523
James,Williams,34,employee,xx524
Sophia,Davis,26,consultant,xx525
Ethan,Robinson,30,employee,xx526
Mia,Hall,28,consultant,xx527
Noah,Carter,33,employee,xx528
Emma,Phillips,30,consultant,xx529
Liam,Turner,25,consultant,xx530
Ava,Cooper,32,employee,xx531
Olivia,Smith,29,consultant,xx532
William,Walker,31,employee,xx533
Charlotte,Roberts,27,consultant,xx534
James,Morgan,34,employee,xx535
Sophia,Evans,26,consultant,xx536
Ethan,Baker,30,employee,xx537
Mia,Clark,28,consultant,xx538
Noah,Adams,33,employee,xx539
Emma,Hill,30,employee,xx540
Liam,Turner,25,consultant,xx541
Ava,Allen,32,employee,xx542
Olivia,Hall,29,consultant,xx543
William,Morris,31,employee,xx544
Charlotte,Jackson,27,consultant,xx545
James,Williams,34,employee,xx546
Sophia,Davis,26,consultant,xx547
Ethan,Robinson,30,employee,xx548
Mia,Hall,28,consultant,xx549
Noah,Carter,33,employee,xx550
Emma,Phillips,30,consultant,xx551
Liam,Turner,25,consultant,xx552
Ava,Cooper,32,employee,xx553
Olivia,Smith,29,consultant,xx554
William,Walker,31,employee,xx555
Charlotte,Roberts,27,consultant,xx556
James,Morgan,34,employee,xx557
Sophia,Evans,26,consultant,xx558
Ethan,Baker,30,employee,xx559
Mia,Clark,28,consultant,xx560
Noah,Adams,33,employee,xx561
Emma,Hill,30,employee,xx562
Liam,Turner,25,consultant,xx563
Ava,Allen,32,employee,xx564
Olivia,Hall,29,consultant,xx565
William,Morris,31,employee,xx566
Charlotte,Jackson,27,consultant,xx567
James,Williams,34,employee,xx568
Sophia,Davis,26,consultant,xx569
Ethan,Robinson,30,employee,xx570
Mia,Hall,28,consultant,xx571
Noah,Carter,33,employee,xx572
Emma,Phillips,30,consultant,xx573
Liam,Turner,25,consultant,xx574
Ava,Cooper,32,employee,xx575
Olivia,Smith,29,consultant,xx576
William,Walker,31,employee,xx577
Charlotte,Roberts,27,consultant,xx578
James,Morgan,34,employee,xx579
Sophia,Evans,26,consultant,xx580
Ethan,Baker,30,employee,xx581
Mia,Clark,28,consultant,xx582
Noah,Adams,33,employee,xx583
Emma,Hill,30,employee,xx584
Liam,Turner,25,consultant,xx585
Ava,Allen,32,employee,xx586
Olivia,Hall,29,consultant,xx587
William,Morris,31,employee,xx588
Charlotte,Jackson,27,consultant,xx589
James,Williams,34,employee,xx590
Sophia,Davis,26,consultant,xx591
Ethan,Robinson,30,employee,xx592
Mia,Hall,28,consultant,xx593
Noah,Carter,33,employee,xx594
Emma,Phillips,30,consultant,xx595
Liam,Turner,25,consultant,xx596
Ava,Cooper,32,employee,xx597
Olivia,Smith,29,consultant,xx598
William,Walker,31,employee,xx599
Charlotte,Roberts,27,consultant,xx600
James,Morgan,34,employee,xx601
Sophia,Evans,26,consultant,xx602
Ethan,Baker,30,employee,xx603
Mia,Clark,28,consultant,xx604
Noah,Adams,33,employee,xx605
Emma,Hill,30,employee,xx606
Liam,Turner,25,consultant,xx607
Ava,Allen,32,employee,xx608
Olivia,Hall,29,consultant,xx609
William,Morris,31,employee,xx610
Charlotte,Jackson,27,consultant,xx611
James,Williams,34,employee,xx612
Sophia,Davis,26,consultant,xx613
Ethan,Robinson,30,employee,xx614
Mia,Hall,28,consultant,xx615
Noah,Carter,33,employee,xx616
Emma,Phillips,30,consultant,xx617
Liam,Turner,25,consultant,xx618
Ava,Cooper,32,employee,xx619
Olivia,Smith,29,consultant,xx620
William,Walker,31,employee,xx621
Charlotte,Roberts,27,consultant,xx622
James,Morgan,34,employee,xx623
Sophia,Evans,26,consultant,xx624
Ethan,Baker,30,employee,xx625
Mia,Clark,28,consultant,xx626
Noah,Adams,33,employee,xx627
Emma,Hill,30,employee,xx628
Liam,Turner,25,consultant,xx629
Ava,Allen,32,employee,xx630
Olivia,Hall,29,consultant,xx631
William,Morris,31,employee,xx632
Charlotte,Jackson,27,consultant,xx633
James,Williams,34,employee,xx634
Sophia,Davis,26,consultant,xx635
Ethan,Robinson,30,employee,xx636
Mia,Hall,28,consultant,xx637
Noah,Carter,33,employee,xx638
Emma,Phillips,30,consultant,xx639
Liam,Turner,25,consultant,xx640
Ava,Cooper,32,employee,xx641
Olivia,Smith,29,consultant,xx642
William,Walker,31,employee,xx643
Charlotte,Roberts,27,consultant,xx644
James,Morgan,34,employee,xx645
Sophia,Evans,26,consultant,xx646
Ethan,Baker,30,employee,xx647
Mia,Clark,28,consultant,xx648
Noah,Adams,33,employee,xx649
Emma,Hill,30,employee,xx650
Liam,Turner,25,consultant,xx651
Ava,Allen,32,employee,xx652
Olivia,Hall,29,consultant,xx653
William,Morris,31,employee,xx654
Charlotte,Jackson,27,consultant,xx655
James,Williams,34,employee,xx656
Sophia,Davis,26,consultant,xx657
Ethan,Robinson,30,employee,xx658
Mia,Hall,28,consultant,xx659
Noah,Carter,33,employee,xx660
Emma,Phillips,30,consultant,xx661
Liam,Turner,25,consultant,xx662
Ava,Cooper,32,employee,xx663
Olivia,Smith,29,consultant,xx664
William,Walker,31,employee,xx665
Charlotte,Roberts,27,consultant,xx666
James,Morgan,34,employee,xx667
Sophia,Evans,26,consultant,xx668
Ethan,Baker,30,employee,xx669
Mia,Clark,28,consultant,xx670
Noah,Adams,33,employee,xx671
Emma,Hill,30,employee,xx672
Liam,Turner,25,consultant,xx673
Ava,Allen,32,employee,xx674
Olivia,Hall,29,consultant,xx675
William,Morris,31,employee,xx676
Charlotte,Jackson,27,consultant,xx677
James,Williams,34,employee,xx678
Sophia,Davis,26,consultant,xx679
Ethan,Robinson,30,employee,xx680
Mia,Hall,28,consultant,xx681
Noah,Carter,33,employee,xx682
Emma,Phillips,30,consultant,xx683
Liam,Turner,25,consultant,xx684
Ava,Cooper,32,employee,xx685
Olivia,Smith,29,consultant,xx686
William,Walker,31,employee,xx687
Charlotte,Roberts,27,consultant,xx688
James,Morgan,34,employee,xx689
Sophia,Evans,26,consultant,xx690
Ethan,Baker,30,employee,xx691
Mia,Clark,28,consultant,xx692
Noah,Adams,33,employee,xx693
Emma,Hill,30,employee,xx694
Liam,Turner,25,consultant,xx695
Ava,Allen,32,employee,xx696
Olivia,Hall,29,consultant,xx697
William,Morris,31,employee,xx698
Charlotte,Jackson,27,consultant,xx699
James,Williams,34,employee,xx700
Sophia,Davis,26,consultant,xx701
Ethan,Robinson,30,employee,xx702
Mia,Hall,28,consultant,xx703
Noah,Carter,33,employee,xx704
Emma,Phillips,30,consultant,xx705
Liam,Turner,25,consultant,xx706
Ava,Cooper,32,employee,xx707
Olivia,Smith,29,consultant,xx708
William,Walker,31,employee,xx709
Charlotte,Roberts,27,consultant,xx710
James,Morgan,34,employee,xx711
Sophia,Evans,26,consultant,xx712
Ethan,Baker,30,employee,xx713
Mia,Clark,28,consultant,xx714
Noah,Adams,33,employee,xx715
Emma,Hill,30,employee,xx716
Liam,Turner,25,consultant,xx717
Ava,Allen,32,employee,xx718
Olivia,Hall,29,consultant,xx719
William,Morris,31,employee,xx720
Charlotte,Jackson,27,consultant,xx721
James,Williams,34,employee,xx722
Sophia,Davis,26,consultant,xx723
Ethan,Robinson,30,employee,xx724
Mia,Hall,28,consultant,xx725
Noah,Carter,33,employee,xx726
Emma,Phillips,30,consultant,xx727
Liam,Turner,25,consultant,xx728
Ava,Cooper,32,employee,xx729
Olivia,Smith,29,consultant,xx730
William,Walker,31,employee,xx731
Charlotte,Roberts,27,consultant,xx732
James,Morgan,34,employee,xx733
Sophia,Evans,26,consultant,xx734
Ethan,Baker,30,employee,xx735
Mia,Clark,28,consultant,xx736
Noah,Adams,33,employee,xx737
Emma,Hill,30,employee,xx738
Liam,Turner,25,consultant,xx739
Ava,Allen,32,employee,xx740
Olivia,Hall,29,consultant,xx741
William,Morris,31,employee,xx742
Charlotte,Jackson,27,consultant,xx743
James,Williams,34,employee,xx744
Sophia,Davis,26,consultant,xx745
Ethan,Robinson,30,employee,xx746
Mia,Hall,28,consultant,xx747
Noah,Carter,33,employee,xx748
Emma,Phillips,30,consultant,xx749
Liam,Turner,25,consultant,xx750
Ava,Cooper,32,employee,xx751
Olivia,Smith,29,consultant,xx752
William,Walker,31,employee,xx753
Charlotte,Roberts,27,consultant,xx754
James,Morgan,34,employee,xx755
Sophia,Evans,26,consultant,xx756
Ethan,Baker,30,employee,xx757
Mia,Clark,28,consultant,xx758
Noah,Adams,33,employee,xx759
Emma,Hill,30,employee,xx760
Liam,Turner,25,consultant,xx761
Ava,Allen,32,employee,xx762
Olivia,Hall,29,consultant,xx763
William,Morris,31,employee,xx764
Charlotte,Jackson,27,consultant,xx765
James,Williams,34,employee,xx766
Sophia,Davis,26,consultant,xx767
Ethan,Robinson,30,employee,xx768
Mia,Hall,28,consultant,xx769
Noah,Carter,33,employee,xx770
Emma,Phillips,30,consultant,xx771
Liam,Turner,25,consultant,xx772
Ava,Cooper,32,employee,xx773
Olivia,Smith,29,consultant,xx774
William,Walker,31,employee,xx775
